ID,Name,DOD,Mobile Number,Email,Text,address
1,Daniel Smith,02-04-1949,+91 7808973194,joseph32@example.org,Truth drop spend ten better.,"426 Garza Forest Apt. 137
Lake Amandabury, MP 09441"
2,Jermaine Padilla,11-04-1933,+91 8182467557,johnny58@example.net,It author military.,"562 Elizabeth Crescent Apt. 405
South James, GU 36619"
3,George Morgan,07-07-1994,+91 7785924477,nathanrivera@example.net,That key try different company time food.,"6796 Michelle Creek
Jeremyshire, TX 69651"
4,Alexis Castillo,05-03-1970,+91 7126236041,ebonyaguilar@example.com,Name third business include.,"5075 Miller Camp
West Jessica, FM 58900"
5,Mark Manning,08-04-1969,+91 9419466334,tiffany41@example.org,Easy want fine voice will sport.,"21377 Anita Circle
East Shelby, FM 88233"
6,Amanda Cisneros,28-11-1923,+91 7540081495,alvarezjason@example.com,Role sure son out.,"084 Taylor Isle
Chelseaview, OH 69868"
7,Justin Obrien,28-04-1983,+91 9731658219,fpitts@example.com,Stay TV report forward offer suffer.,"32550 Melissa Groves
New James, AZ 32440"
8,Amy Mcpherson,24-10-2017,+91 7456565982,patriciaharris@example.net,Determine upon mean dream store.,"574 Williams Lodge
East Connor, CO 20433"
9,Jonathan Martin,21-01-1977,+91 7349035528,zmiller@example.com,Stop lead pick different.,"USNS Gomez
FPO AE 77915"
10,Jennifer Barr,16-02-1972,+91 7633425145,victor51@example.com,Company find game over writer community think meet.,"60857 Stephen Forks Suite 619
New Joshua, MD 88321"
11,Natalie Smith,23-04-1998,+91 8373268488,ttucker@example.org,Skin yeah field.,"42371 Phillips Valley Suite 922
Lewistown, FM 80284"
12,Latoya Roberts,02-04-1970,+91 8060137708,timothywall@example.com,Rate many enough across third reach too.,"69514 Joseph Loop Apt. 447
Allisonstad, UT 43452"
13,Christine Benjamin,04-05-1993,+91 9402233068,danaelliott@example.com,Tax hard life walk our pick at.,"731 Wright Crossing
New Julie, MI 40235"
14,Joshua Wiley,01-01-1950,+91 8589264224,vwilliams@example.org,Worker husband left during maintain rock most.,"3952 Gallagher Forges Apt. 622
Danielleport, VT 82548"
15,Wanda Moore,24-10-1946,+91 8672930377,bperez@example.net,Leave others speech side.,"73475 Heather Spurs Apt. 049
South Summer, AK 33329"
16,Alexis Cabrera,18-01-1917,+91 8831095676,scross@example.com,Effort top such various defense.,"1191 Conner Parks
Lloydstad, AZ 53984"
17,Crystal Chapman,20-02-1932,+91 8626251024,kimberlyramos@example.net,Town return generation long child seem.,"2907 David Lodge
Portertown, OH 11570"
18,Timothy Schroeder,12-01-2021,+91 9572543148,tdavis@example.org,Event interesting woman hour meeting.,"PSC 4334, Box 0884
APO AP 90245"
19,Jeffery Wheeler,13-03-1974,+91 7571144998,mckinneydanielle@example.org,Already collection possible against be reach what operation.,"89321 Tammy Avenue
South Anna, DC 10842"
20,Cheryl Costa,30-05-1912,+91 8293183771,tjones@example.org,Again factor program have.,"97024 Jackson Squares
South Curtis, IA 28818"
21,Dawn White,22-03-2022,+91 8772379823,john66@example.org,Rest state window source benefit great blue.,"3854 Jennifer Squares Suite 047
Jonesfort, NJ 52379"
22,Erica Wood,07-07-1931,+91 9634245314,strongmaria@example.org,Word thing state particular lay father.,"5320 Gabrielle Circle Apt. 684
North Jessicamouth, MO 19764"
23,Anna Ortega,11-04-1996,+91 7536724664,mlynn@example.org,Design too part.,"975 Ashley Fork Suite 505
South Kendra, LA 75670"
24,Bruce Krause,27-07-1940,+91 9236072492,mbeard@example.net,Coach attorney popular night face.,"Unit 3107 Box 2480
DPO AP 60441"
25,Sean Green,04-10-2007,+91 9802162293,kaylajohnson@example.com,Chair analysis adult.,"Unit 6132 Box 8957
DPO AE 11210"
26,Joe Mcneil,21-07-1960,+91 9509856160,achan@example.net,Open resource society him international his network.,"57266 Bradley Rapids Apt. 701
Barrbury, NJ 64156"
27,Hector Rosales,04-02-1969,+91 9488314802,richard11@example.org,Weight protect loss either ever firm.,"6498 Maria Cliffs
Reginaville, ID 77701"
28,John Medina,13-06-1930,+91 7394774087,oowens@example.org,Bag main then sister individual authority.,"0246 Chang Point Apt. 314
Samanthaville, KS 27010"
29,Wendy Pacheco,05-08-1919,+91 9996600479,leachyesenia@example.org,Certain purpose pull be best focus suggest.,"695 Melissa Overpass
Port Tanyamouth, MO 53856"
30,Kelly Chavez,20-02-2018,+91 9729974550,philipphillips@example.com,Compare including act much class bed not.,"94036 Hunter Points
East Christina, CO 42387"
31,Shannon Garcia,10-08-1986,+91 9896839479,steven71@example.com,Line tend off ground rate team.,"8425 Jenna Views Suite 221
Port Sarahtown, FM 53895"
32,Tammy Gordon,31-01-1965,+91 8007660928,erin95@example.net,Organization machine career though quality.,"05680 Steven Throughway
Haleystad, SD 97237"
33,Thomas Long,30-06-1939,+91 8517877878,miguel14@example.com,Treatment budget beat far reflect whole.,"3614 Lewis Lake Apt. 401
New Daniel, OK 74284"
34,Wayne Evans,29-07-1947,+91 9008765461,patrickpalmer@example.net,Quite open office reach.,"230 Duncan Camp Apt. 846
Hawkinschester, FM 60073"
35,Maurice Knapp,03-11-1954,+91 7659520086,jennifer23@example.org,Space skill power boy deep.,"USNV Villanueva
FPO AA 62640"
36,Marvin Valdez,18-09-1981,+91 9378259651,qmercado@example.net,Practice bed sea guy.,"217 Benjamin Ports
Ericchester, AK 34958"
37,Maria Stokes,18-09-2012,+91 8447264741,johnsonrichard@example.net,Individual language statement letter value.,"05655 Philip Circle
Johntown, GA 48650"
38,Sabrina Lopez,22-03-1946,+91 9800412950,lparker@example.net,Hospital teach them school.,"0342 Bradley Meadows Apt. 305
New Brittanyburgh, OK 96327"
39,Julie Green,20-08-2000,+91 8547916560,huntergomez@example.com,Meet commercial central suddenly stage defense.,"0332 Miranda Walk Apt. 040
Port Meganland, OK 49864"
40,David Farrell,04-02-2019,+91 7681169241,gonzalestracy@example.com,Partner it every.,"23113 Shields Springs Suite 412
North William, WY 36683"
41,Mr. Travis Montoya,21-08-1936,+91 9522698480,thomasjohnston@example.org,There reality state Congress.,"1051 Taylor Islands
Toddport, WI 59077"
42,Richard Bishop,08-05-2008,+91 7748394417,vhines@example.net,Mrs still than tonight order none provide.,"71383 Heather Parkways
Robertville, NV 43661"
43,Juan Garcia,12-04-1924,+91 8201274215,johnnyflores@example.com,Another cause build agreement enough.,"51043 Breanna Freeway Suite 372
Garciamouth, NM 21130"
44,Jacqueline Maxwell,06-03-1985,+91 8779357430,qterry@example.org,Teach each cell.,"065 Harris Brooks Apt. 338
East Davidbury, KS 35459"
45,Jamie Vaughn,18-04-1990,+91 7010327934,lwall@example.net,Environment they argue shoulder tell.,"USS Jimenez
FPO AP 94859"
46,Cassandra Cooper,04-09-1951,+91 9196754758,taylorabigail@example.org,Tv buy ok summer prevent.,"PSC 9163, Box 4726
APO AA 56613"
47,John Alexander,24-04-1993,+91 9324492094,toni64@example.org,Blood discussion lay throw program understand.,"3905 Albert Dam Apt. 983
West Brent, PR 20499"
48,Wayne Lambert,10-06-1920,+91 9021746787,vancekenneth@example.org,Difference sport owner leave some tend.,"060 John Motorway
Lake Emilyborough, NY 30136"
49,Brittany Johnson,01-02-1969,+91 7209196795,schaefercharles@example.org,Policy like draw simple strategy.,"956 Grace Ridges Apt. 415
West Taraborough, DE 64322"
50,Shawna Flowers,16-09-1985,+91 8695894626,brandonrodriguez@example.net,Tough recently agency television last.,"26576 Colon Extensions
Destinyside, WY 80022"
51,Keith Caldwell,16-04-1916,+91 7091191427,richardhogan@example.net,Can movement development still wish though wife.,"57567 Anthony Place
West David, MD 81879"
52,Jason Harvey,07-01-1911,+91 7234904979,ecollins@example.com,Party animal bank design.,"USS Baker
FPO AP 21949"
53,Victoria Mendoza,21-04-1978,+91 9305585634,ewilliams@example.com,Step blood late grow.,"9972 Manuel Ferry Apt. 999
Brittanyshire, AL 82873"
54,Michael Sanders,07-07-1923,+91 8986962245,bullockamy@example.com,Bit enjoy whole worry.,"36374 Mcclain Forest Suite 403
Rodriguezport, CO 59989"
55,Kelly Harris,29-12-1951,+91 9670973074,woodsdonald@example.com,Have drop according garden.,"USNS Dixon
FPO AE 28855"
56,Michelle Larsen,25-01-1926,+91 9058396401,dschmidt@example.org,Discuss PM police growth glass.,"5020 Freeman Meadow Suite 712
New Samanthatown, ND 32685"
57,Marilyn Allen,20-07-1924,+91 8143058862,johnwalker@example.net,Her father message account.,"09710 Kelli Drive Apt. 548
West Micheal, CO 89489"
58,Douglas Campos,21-06-1949,+91 7412878675,gainessean@example.org,Their audience never education policy consider radio.,"60422 Rebecca Inlet
Smithview, IN 19655"
59,Mary Rojas,29-01-1968,+91 7696177234,carlosrodriguez@example.net,Onto should interest force civil better.,"PSC 9631, Box 4380
APO AP 86732"
60,Lauren Rogers,28-05-1956,+91 8185910633,longcory@example.org,Government sister that former.,"8409 Palmer Rue Apt. 325
West Michael, AK 88670"
61,Richard Randall,24-11-1937,+91 8972225438,cpayne@example.net,Nice though Democrat whatever exactly act cause before.,"17008 Christine Village Suite 613
Watsontown, FL 47266"
62,Kristin Moreno,25-10-1948,+91 7445804303,rachelwilliams@example.org,Financial grow sort question part right event.,"04713 Ramos Ranch
Longborough, OK 51316"
63,Donna Williams,22-01-1981,+91 7177485850,vfarrell@example.org,East generation week green near performance natural.,"PSC 7986, Box 1941
APO AE 03063"
64,Adam Davis,28-11-2007,+91 9143479329,epetty@example.com,Since cause them hundred involve physical there new.,"955 Keith Walks Suite 478
New Alan, WA 77497"
65,Erin Juarez,05-10-1978,+91 9020511611,henrykim@example.org,Fact ready keep sense behavior simple.,"579 Charles Union Suite 151
Herreraville, UT 69600"
66,Daniel Cortez,20-04-1928,+91 9886152755,walkerjohn@example.com,Son interest best.,"2664 Dean Harbors
Lake Yvonne, MT 65255"
67,Brandy Jimenez,02-07-1942,+91 7927593844,hbell@example.org,Democratic charge positive yeah.,"5679 Victoria Corners Suite 358
East Kelly, ME 19092"
68,James Warren,09-02-1920,+91 7673957937,garydominguez@example.net,Place scene management.,"43682 Christopher Groves
Lake Benjaminmouth, NY 22776"
69,Debra Cantrell,05-09-1936,+91 8643202941,roberthuerta@example.com,Sport suddenly improve mention window line.,"Unit 2372 Box 5382
DPO AP 22230"
70,Sarah Williams,09-04-2004,+91 8070691464,cwalker@example.net,Station their enter body cup candidate us order.,"Unit 3871 Box 4609
DPO AA 52998"
71,George Morris,09-10-1913,+91 7571130578,kiaramoore@example.net,Business last star trip.,"71805 Martin Burgs
Lake Amybury, OR 91078"
72,Craig Gonzalez,13-10-2013,+91 7641195763,david45@example.org,Month ask just wide him coach.,"8593 Jillian Wall
Thomasmouth, NV 98682"
73,Gerald Lamb,14-01-1942,+91 8302795245,laurensanchez@example.com,Edge Congress our scene property soldier pattern.,"7834 Robertson Path Suite 066
South Janicehaven, WY 69330"
74,Gary Ryan,22-08-1973,+91 8363085227,ryanwebster@example.com,Leg new through investment employee forward.,"1114 Ford Wall
West Sarabury, KS 74469"
75,Daniel Melton,05-04-1951,+91 8652628421,oflynn@example.org,Choice could as participant campaign particular.,"9787 Strickland Trail Apt. 110
South Cynthia, MA 30244"
76,Carla Roy DVM,31-10-2019,+91 8106383213,marieharmon@example.com,Message leader series goal drive language.,"4461 Baker Flats
Munozburgh, IN 44921"
77,Ruth Santos,24-09-2018,+91 7686170641,karen54@example.com,Travel letter way yard poor range.,"433 Laura Junctions
North Stephenview, RI 94228"
78,Victoria Williamson,19-09-2015,+91 9924288497,aaronjohnson@example.com,Security class tax against care no.,"37117 Rivas Parks Suite 931
North Aprilmouth, WY 33840"
79,Michael Thomas,08-05-2020,+91 9635828897,melissajohnson@example.net,Area enter clearly meeting.,"61839 Miller Haven Suite 010
East Andrealand, VT 04658"
80,William White,13-01-1949,+91 9696007129,kimberly35@example.org,Its discussion option policy staff.,"3564 Jamie Oval
Anitamouth, MT 50619"
81,Robert Miller,21-09-1972,+91 7219878656,eric76@example.com,Himself name major.,"9905 Stanley Shores Apt. 481
North Alanshire, RI 38770"
82,Vernon Garcia,14-07-1961,+91 8841861666,caitlin47@example.org,Ahead family rate government more just fish.,"644 Alexandra Street Apt. 733
Burnsmouth, VI 83852"
83,Kathleen White,04-05-1983,+91 8196707542,sluna@example.org,Culture one argue explain also sort democratic.,"5094 Gabrielle Lights
Greenfurt, VI 48522"
84,Emma Porter,28-09-1992,+91 9663914610,ibrown@example.net,Cultural network effort treat simply.,"8557 Paul Well
Wardfort, MH 49067"
85,Frank Kim,29-05-2004,+91 7268141830,harold77@example.com,Head weight it cost whether central.,"2249 Jesse Cape Apt. 108
New Stephanie, NM 22331"
86,Tina Smith,30-09-1956,+91 7328180329,ajohns@example.net,Alone property doctor young true.,"8733 Christopher Extension Suite 185
North Marc, AZ 43137"
87,Jesse Hunt,19-03-1917,+91 7369282637,thomashorn@example.com,Off just fall strategy commercial worry glass.,"165 Joan Inlet
Lake Laurashire, SC 90380"
88,Susan Gonzalez,10-10-1953,+91 7154153256,singhantonio@example.net,Professional put sport develop simple stand instead.,"541 David Road Suite 956
Lake Christophertown, MP 72080"
89,Dr. Gerald Rogers,15-08-1969,+91 8783607953,vgonzalez@example.com,Factor identify television hot section the hope.,"90273 Hughes Extension Suite 822
Smithborough, MN 04875"
90,Bryan Fox,30-05-2017,+91 8795805539,michael95@example.org,Purpose commercial paper feel.,"Unit 8670 Box 1875
DPO AE 61306"
91,Carlos Powers,24-02-1909,+91 9905896464,sarahho@example.net,Number base dark player hard available sense.,"684 Thompson Turnpike
East Colin, FM 50936"
92,Elizabeth Donovan,11-09-1963,+91 9242756583,anthony20@example.org,Develop agree task hope.,"54704 Yvette Stream
Shawnport, MS 66450"
93,Tiffany Gallegos,09-05-1925,+91 9615358965,wevans@example.org,General this particular as.,"2208 Donovan Expressway
North Kirkmouth, WY 03657"
94,George Hubbard,29-02-1964,+91 9561188731,bwilliams@example.net,A local begin participant receive.,"029 Browning Lock
Joanneport, MT 88605"
95,Jeffrey Hill,27-08-1933,+91 9422629217,kchen@example.net,Pm after animal condition everyone current.,"570 May Flat
Rosston, PR 00755"
96,Paul Lewis,26-02-1952,+91 8918447543,joseph08@example.org,Every thousand hour go.,"53556 Denise Station Suite 599
East Ricardotown, NC 34604"
97,Elaine Mccullough,11-05-2013,+91 9158815250,pamelagallagher@example.org,Thank present response high head plant a grow.,"52252 Beard Valley Apt. 923
Port Kevin, LA 32344"
98,Matthew Taylor,11-12-2013,+91 7121858734,folsen@example.org,World experience base American wish side memory.,"16332 Stephen Camp Apt. 206
Lake Tiffany, MH 94741"
99,Sarah Morales,14-06-1972,+91 8620106840,soliskristen@example.net,Expect blue serve site simply ask explain.,"3655 Melissa Divide
Christopherfurt, NM 86980"
100,Misty Murray,25-08-2019,+91 9690799495,qanderson@example.com,Practice here billion media manager fund.,"PSC 1886, Box 5873
APO AA 00879"
